
/*!40101 SET @OLD_CHARACTER_SET_CLIENT=@@CHARACTER_SET_CLIENT */;
/*!40101 SET @OLD_CHARACTER_SET_RESULTS=@@CHARACTER_SET_RESULTS */;
/*!40101 SET @OLD_COLLATION_CONNECTION=@@COLLATION_CONNECTION */;
/*!40101 SET NAMES utf8 */;
/*!40014 SET @OLD_FOREIGN_KEY_CHECKS=@@FOREIGN_KEY_CHECKS, FOREIGN_KEY_CHECKS=0 */;
/*!40101 SET @OLD_SQL_MODE=@@SQL_MODE, SQL_MODE='NO_AUTO_VALUE_ON_ZERO' */;
/*!40111 SET @OLD_SQL_NOTES=@@SQL_NOTES, SQL_NOTES=0 */;


# Dump of table download
# ------------------------------------------------------------

DROP TABLE IF EXISTS `download`;

CREATE TABLE `download` (
  `id` int(11) unsigned NOT NULL AUTO_INCREMENT,
  `fk_user` int(10) unsigned NOT NULL,
  `created_at` datetime DEFAULT NULL,
  `updated_at` datetime DEFAULT NULL,
  `status` smallint(1) unsigned NOT NULL,
  `fk_words_group` int(11) unsigned DEFAULT NULL,
  `fk_strategy` int(11) unsigned DEFAULT NULL,
  `legacy` varchar(5000) NOT NULL DEFAULT '',
  `wight` int(10) unsigned NOT NULL DEFAULT '0',
  `hash` varchar(32) DEFAULT NULL,
  PRIMARY KEY (`id`),
  KEY `downloads_fk_user` (`fk_user`),
  KEY `downloads_fk_words_group` (`fk_words_group`),
  KEY `downloads_fk_strategy` (`fk_strategy`),
  CONSTRAINT `downloads_fk_strategy` FOREIGN KEY (`fk_strategy`) REFERENCES `strategy` (`id`) ON DELETE SET NULL ON UPDATE CASCADE,
  CONSTRAINT `downloads_fk_user` FOREIGN KEY (`fk_user`) REFERENCES `user` (`id`) ON DELETE CASCADE ON UPDATE CASCADE,
  CONSTRAINT `downloads_fk_words_group` FOREIGN KEY (`fk_words_group`) REFERENCES `words_group` (`id`) ON DELETE SET NULL ON UPDATE CASCADE
) ENGINE=InnoDB DEFAULT CHARSET=utf8;



# Dump of table feedback
# ------------------------------------------------------------

DROP TABLE IF EXISTS `feedback`;

CREATE TABLE `feedback` (
  `id` int(11) unsigned NOT NULL AUTO_INCREMENT,
  `name` varchar(250) NOT NULL DEFAULT '',
  `email` varchar(250) NOT NULL DEFAULT '',
  `msg` text NOT NULL,
  `fk_user` int(11) unsigned DEFAULT NULL,
  `created_at` datetime DEFAULT NULL,
  `updated_at` datetime DEFAULT NULL,
  PRIMARY KEY (`id`),
  KEY `feedback_fk_user` (`fk_user`),
  CONSTRAINT `feedback_fk_user` FOREIGN KEY (`fk_user`) REFERENCES `user` (`id`) ON DELETE SET NULL ON UPDATE SET NULL
) ENGINE=InnoDB DEFAULT CHARSET=utf8;



# Dump of table language
# ------------------------------------------------------------

DROP TABLE IF EXISTS `language`;

CREATE TABLE `language` (
  `id` int(3) unsigned NOT NULL AUTO_INCREMENT,
  `iso2` char(2) NOT NULL DEFAULT '',
  `title` varchar(30) NOT NULL DEFAULT '',
  `title_en` varchar(30) NOT NULL DEFAULT '',
  PRIMARY KEY (`id`)
) ENGINE=InnoDB DEFAULT CHARSET=utf8;

LOCK TABLES `language` WRITE;
/*!40000 ALTER TABLE `language` DISABLE KEYS */;

INSERT INTO `language` (`id`, `iso2`, `title`, `title_en`)
VALUES
	(1,'ru','Русский','Russian'),
	(2,'en','Английский','English');

/*!40000 ALTER TABLE `language` ENABLE KEYS */;
UNLOCK TABLES;


# Dump of table package
# ------------------------------------------------------------

DROP TABLE IF EXISTS `package`;

CREATE TABLE `package` (
  `id` int(11) unsigned NOT NULL AUTO_INCREMENT,
  `title` varchar(250) NOT NULL DEFAULT '',
  `desc` text NOT NULL,
  `sort` smallint(6) unsigned NOT NULL DEFAULT '0',
  `level` smallint(5) unsigned NOT NULL,
  `fk_language_source` int(3) unsigned NOT NULL,
  `fk_language_target` int(3) unsigned NOT NULL,
  `is_base` smallint(1) unsigned NOT NULL DEFAULT '0',
  PRIMARY KEY (`id`),
  KEY `parckage_fk_language_target` (`fk_language_target`),
  KEY `parckage_fk_language_source` (`fk_language_source`),
  CONSTRAINT `parckage_fk_language_source` FOREIGN KEY (`fk_language_source`) REFERENCES `language` (`id`),
  CONSTRAINT `parckage_fk_language_target` FOREIGN KEY (`fk_language_target`) REFERENCES `language` (`id`)
) ENGINE=InnoDB DEFAULT CHARSET=utf8;

LOCK TABLES `package` WRITE;
/*!40000 ALTER TABLE `package` DISABLE KEYS */;

INSERT INTO `package` (`id`, `title`, `desc`, `sort`, `level`, `fk_language_source`, `fk_language_target`, `is_base`)
VALUES
	(2,'Развлечения','Английские слова на тему «Культурные мероприятия, развлечения / Cultural events, entertainment» пригодятся тебе не только для чтения афиш и легкого запоминания модных названий заведений. Истинные любители английского испытают непередаваемое удовольствие при просмотре фильма без дубляжа, при прослушивании любимой англоязычной музыки, которая зазвучит не как набор симпатичных звуков, а наполнится смыслом. Да и упрощение культурного ориентирования на местности за границей никто не отменял.',0,1,2,1,0),
	(3,'Образование','Образованному человеку сам Бог велел уметь грамотно и красноречиво рассказать о своем пути в процессе образования и о том, каков гранит науки на вкус. Только не забудь использовать английские слова по теме «Образование / Education», если надумаешь поделиться своей историей с иностранцем.',2,1,2,1,1),
	(4,'Еда и питье','Английские слова на тему «Еда и напитки. Food and drink» будут полезны всем и каждому! Сделать заказ в заграничном кафе или ресторане, расшифровать для себя названия многих блюд заморской кухни, даже просто перевести содержимое английской этикетки в любом супермаркете. Кто не любит пресловутые отели с системой all inclusive? Расшифровать меню в ресторане и состав напитков в баре поможет знание английского.',1,2,2,1,0);

/*!40000 ALTER TABLE `package` ENABLE KEYS */;
UNLOCK TABLES;


# Dump of table package__user
# ------------------------------------------------------------

DROP TABLE IF EXISTS `package__user`;

CREATE TABLE `package__user` (
  `id` int(11) unsigned NOT NULL AUTO_INCREMENT,
  `fk_user` int(10) unsigned NOT NULL,
  `fk_package` int(11) unsigned NOT NULL,
  `created_at` datetime DEFAULT NULL,
  `updated_at` datetime DEFAULT NULL,
  PRIMARY KEY (`id`),
  UNIQUE KEY `package__user_unic` (`fk_user`,`fk_package`),
  KEY `package__user_fk_package` (`fk_package`),
  CONSTRAINT `package__user_fk_package` FOREIGN KEY (`fk_package`) REFERENCES `package` (`id`),
  CONSTRAINT `package__user_fk_user` FOREIGN KEY (`fk_user`) REFERENCES `user` (`id`)
) ENGINE=InnoDB DEFAULT CHARSET=utf8;



# Dump of table package_word
# ------------------------------------------------------------

DROP TABLE IF EXISTS `package_word`;

CREATE TABLE `package_word` (
  `id` int(11) unsigned NOT NULL AUTO_INCREMENT,
  `fk_package` int(11) unsigned NOT NULL,
  `source` varchar(1000) NOT NULL DEFAULT '',
  `target` varchar(1000) NOT NULL DEFAULT '',
  `fk_language_source` int(3) unsigned NOT NULL,
  `fk_language_target` int(3) unsigned NOT NULL,
  PRIMARY KEY (`id`),
  KEY `package_word_fk_language_source` (`fk_language_source`),
  KEY `package_word_fk_language_target` (`fk_language_target`),
  KEY `package_word_fk_package` (`fk_package`),
  CONSTRAINT `package_word_fk_language_source` FOREIGN KEY (`fk_language_source`) REFERENCES `language` (`id`),
  CONSTRAINT `package_word_fk_language_target` FOREIGN KEY (`fk_language_target`) REFERENCES `language` (`id`),
  CONSTRAINT `package_word_fk_package` FOREIGN KEY (`fk_package`) REFERENCES `package` (`id`)
) ENGINE=InnoDB DEFAULT CHARSET=utf8;

LOCK TABLES `package_word` WRITE;
/*!40000 ALTER TABLE `package_word` DISABLE KEYS */;

INSERT INTO `package_word` (`id`, `fk_package`, `source`, `target`, `fk_language_source`, `fk_language_target`)
VALUES
	(1,2,'balcony / tier','ярус, балкон',2,1),
	(2,2,'box','ложа',2,1),
	(3,2,'box office','билетная касса',2,1),
	(4,2,'character','действующее лицо',2,1),
	(5,2,'checkroom','гардероб',2,1),
	(6,2,'comedian','актер-комик',2,1),
	(7,2,'comedy','комедия',2,1),
	(8,2,'company (of actors)','труппа (актеров)',2,1),
	(9,2,'crowd scenes','массовые сцены',2,1),
	(10,2,'drama','драма',2,1),
	(11,2,'Drama Theatre','драматический театр',2,1),
	(12,2,'dress circle','балкон первого яруса, бельэтаж',2,1),
	(13,2,'dress rehearsal','генеральная репетиция',2,1),
	(14,2,'dresses / costumes','костюмы',2,1),
	(15,2,'entrance','вход',2,1),
	(16,2,'evening performance','вечерний спектакль',2,1),
	(17,2,'exit','выход',2,1),
	(18,2,'first night / premiere','премьера',2,1),
	(19,2,'footlights','рампа',2,1),
	(20,2,'gallery','галерка',2,1),
	(21,2,'make-up man','гример',2,1),
	(22,2,'matinee  (performance)','спектакль ',2,1),
	(23,2,'opera','опера',2,1),
	(24,2,'Opera and Ballet Theatre','театр оперы и балета',2,1),
	(25,2,'Opera House','оперный театр',2,1),
	(26,2,'performance','представление, спектакль',2,1),
	(27,2,'pit','амфитеатр',2,1),
	(28,2,'play','пьеса',2,1),
	(29,2,'producer','режиссер, постановщик',2,1),
	(30,2,'prompter','суфлер',2,1),
	(31,2,'Puppet Theatre','театр кукол',2,1),
	(32,2,'Satire Theatre','театр сатиры',2,1),
	(33,2,'scenery','декорация',2,1),
	(34,2,'scriptwriter','сценарист',2,1),
	(35,2,'sets','декорации к определенной сцене',2,1),
	(36,2,'setting','место действия ',2,1),
	(37,2,'sketch','эскиз',2,1),
	(38,2,'stage','сцена',2,1),
	(39,2,'stalls / parquet','партер',2,1),
	(40,2,'theatre / theater','театр',2,1),
	(41,2,'theatre-goer','театрал',2,1),
	(42,2,'ticket','билет',2,1),
	(43,2,'tragedy','трагедия',2,1),
	(44,2,'tragic actor / tragedian','актер-трагик',2,1),
	(45,2,'actor','актер',2,1),
	(46,2,'actress','актриса',2,1),
	(47,2,'animated cartoon / cartoon','мультипликационный фильм / мультфильм',2,1),
	(48,2,'assistant director','помощник режиссера',2,1),
	(49,2,'black and white film','черно-белый фильм',2,1),
	(50,2,'camera operator / cameraman','(разговорная форма) оператор камеры',2,1),
	(51,2,'children\'s film','детский фильм',2,1),
	(52,2,'cinemascope','фильм для широкого экрана',2,1),
	(53,2,'close-up','кадр, снятый крупным планом',2,1),
	(54,2,'color documentary film','цветной документальный фильм',2,1),
	(55,2,'comedy  (film)','комедия',2,1),
	(56,2,'credits','титры',2,1),
	(57,2,'direct a film','режиссировать фильм',2,1),
	(58,2,'director','режиссер',2,1),
	(59,2,'dub (in) a film','дублировать фильм',2,1),
	(60,2,'educational film','учебный фильм',2,1),
	(61,2,'episode','эпизод',2,1),
	(62,2,'executive producer','исполнительный продюсер',2,1),
	(63,2,'feature film','художественный фильм',2,1),
	(64,2,'film crew','команда фильма (люди, работающие над созданием фильма)',2,1),
	(65,2,'full-length film','полнометражный фильм',2,1),
	(66,2,'genre','жанр',2,1),
	(67,2,'historical film','исторический фильм',2,1),
	(68,2,'motion picture','кинофильм',2,1),
	(69,2,'movie star / film star / cinema star','кинозвезда',2,1),
	(70,2,'movie theater, movie house / cinema','кинотеатр',2,1),
	(71,2,'movie-goer / film-fan','любитель кино',2,1),
	(72,2,'newsreel','хроника, киножурнал',2,1),
	(73,2,'popular science film','научно-популярный фильм',2,1),
	(74,2,'prequel','приквел ',2,1),
	(75,2,'producer','продюсер',2,1),
	(76,2,'release a film','выпускать фильм на экран',2,1),
	(77,2,'review','рецензия',2,1),
	(78,2,'reviewer','критик',2,1),
	(79,2,'scene  / shot','кадр',2,1),
	(80,2,'screen','экран; экранизировать',2,1),
	(81,2,'screen adaptation / film adaptation / screen version','экранизация',2,1),
	(82,2,'script of a film','сценарий фильма',2,1),
	(83,2,'sequel','сиквел ',2,1),
	(84,2,'shoot a film','снимать фильм',2,1),
	(85,2,'short film','короткометражный фильм',2,1),
	(86,2,'show','сеанс ',2,1),
	(87,2,'show a film','демонстрировать фильм',2,1),
	(88,2,'silent film','немой фильм',2,1),
	(89,2,'sound film / talkie','<i>разг.</i> звуковой фильм',2,1),
	(90,2,'star (in a film)','появляться в ведущей роли (в фильме)',2,1),
	(91,2,'subtitles / captions','субтитры',2,1),
	(92,2,'thriller','триллер',2,1),
	(93,2,'title of the film','название фильма',2,1),
	(94,2,'trailer','трейлер (небольшой видеоролик, являющийся анонсом грядущего фильма, и, как правило, содержащий наиболее зрелищные его фрагменты)',2,1),
	(95,2,'viewing','просмотр фильма',2,1),
	(96,2,'wide-screen film','широкоэкранный фильм',2,1),
	(97,2,'balalaika','балалайка',2,1),
	(98,2,'banjo','банджо',2,1),
	(99,2,'baritone','баритон',2,1),
	(100,2,'bass','бас',2,1),
	(101,2,'bassoon','фагот',2,1),
	(102,2,'baton','дирижерская палочка',2,1),
	(103,2,'castanets','кастаньеты',2,1),
	(104,2,'chorus','хор',2,1),
	(105,2,'clarinet','кларнет',2,1),
	(106,2,'classical music','классическая музыка',2,1),
	(107,2,'composer','композитор',2,1),
	(108,2,'concert','концерт',2,1),
	(109,2,'concert hall','филармония, концертный зал',2,1),
	(110,2,'concert of chamber music','концерт камерной музыки',2,1),
	(111,2,'concert of classical music','концерт классической музыки',2,1),
	(112,2,'concert of folk music','концерт народной музыки',2,1),
	(113,2,'conductor','дирижер',2,1),
	(114,2,'contralto','контральто',2,1),
	(115,2,'cornet','корнет',2,1),
	(116,2,'cymbals','цимбалы',2,1),
	(117,2,'drum','барабан',2,1),
	(118,2,'duet','дуэт',2,1),
	(119,2,'flute','флейта',2,1),
	(120,2,'folk-song','народная песня',2,1),
	(121,2,'gong','гонг',2,1),
	(122,2,'grand piano','рояль',2,1),
	(123,2,'guitar','гитара',2,1),
	(124,2,'harp','арфа',2,1),
	(125,2,'hautboy','гобой',2,1),
	(126,2,'horn','рожок, рог',2,1),
	(127,2,'jazz','джаз',2,1),
	(128,2,'lyrics','слова песни',2,1),
	(129,2,'mandolin / mandoline','мандолина',2,1),
	(130,2,'mass singing','массовое пение',2,1),
	(131,2,'melody','мелодия',2,1),
	(132,2,'mezzo-soprano','меццо-сопрано',2,1),
	(133,2,'mixed chorus','смешанный хор',2,1),
	(134,2,'music','музыка',2,1),
	(135,2,'musical','мюзикл',2,1),
	(136,2,'musical instrument','музыкальный инструмент',2,1),
	(137,2,'musician','музыкант',2,1),
	(138,2,'orchestra','оркестр',2,1),
	(139,2,'performer','исполнитель',2,1),
	(140,2,'piano','пианино',2,1),
	(141,2,'quartet','квартет',2,1),
	(142,2,'quintet','квинтет',2,1),
	(143,2,'rhythm','ритм',2,1),
	(144,2,'septet','септет',2,1),
	(145,2,'sextet','секстет',2,1),
	(146,2,'singing','пение',2,1),
	(147,2,'solo','соло',2,1),
	(148,2,'soloist','солист',2,1),
	(149,2,'sonata','соната',2,1),
	(150,2,'song','песня',2,1),
	(151,2,'soprano','сопрано',2,1),
	(152,2,'symphony','симфония',2,1),
	(153,2,'tenor','тенор',2,1),
	(154,2,'trio','трио',2,1),
	(155,2,'trombone','тромбон',2,1),
	(156,2,'trumpet','труба',2,1),
	(157,2,'tune','мелодия, мотив',2,1),
	(158,2,'tuning fork','камертон',2,1),
	(159,2,'violin','скрипка',2,1),
	(160,2,'waltz','вальс',2,1),
	(161,2,'ancients coins','старинные монеты',2,1),
	(162,2,'antique','античное искусство',2,1),
	(163,2,'articles of glass (bone, stone, iron)','предметы, сделанные из стекла (кости, камня, железа)',2,1),
	(164,2,'decorations','украшения',2,1),
	(165,2,'exhibit','экспонат',2,1),
	(166,2,'exhibition','выставка',2,1),
	(167,2,'manuscript','рукопись',2,1),
	(168,2,'mosaic works','мозаичные работы',2,1),
	(169,2,'museum','музей',2,1),
	(170,2,'museum of Fine Arts','музей изобразительных искусств',2,1),
	(171,2,'painter / artist','художник',2,1),
	(172,2,'painting / picture','картина',2,1),
	(173,2,'portrait','портрет',2,1),
	(174,2,'restoration work','реставрационная работа',2,1),
	(175,2,'vase','ваза',2,1),
	(176,2,'work of art','произведение искусства',2,1),
	(177,2,'baccarat','баккара (карточная игра)',2,1),
	(178,2,'bet','пари',2,1),
	(179,2,'blackjack','\"блэк джек\", \"очко\" (карточная игра)',2,1),
	(180,2,'casino','казино',2,1),
	(181,2,'chip','фишка (деньги казино)',2,1),
	(182,2,'craps','карточная игра типа \"блэк джек\"',2,1),
	(183,2,'dealer','сдающий карты',2,1),
	(184,2,'horse race','лошадиные бега',2,1),
	(185,2,'keno','\"кено\" ',2,1),
	(186,2,'poker','покер',2,1),
	(187,2,'pool','пул ',2,1),
	(188,2,'roulette','рулетка',2,1),
	(189,2,'writer','тот, кто ведет запись (при игре в \"кено\")',2,1),
	(190,2,'(radio) broadcast','передача (по радио); передавать (по радио)',2,1),
	(191,2,'aerial / antenna','антенна',2,1),
	(192,2,'AM (amplitude modulation)','АМ, амплитудная модуляция',2,1),
	(193,2,'announcer','диктор',2,1),
	(194,2,'FM (frequency modulation)','частотная модуляция',2,1),
	(195,2,'frequency','частота',2,1),
	(196,2,'on air','в эфире',2,1),
	(197,2,'radio','радио',2,1),
	(198,2,'radio set','радиоприемник',2,1),
	(199,2,'radio station','радиостанция',2,1),
	(200,2,'radio wave','радиоволна',2,1),
	(201,2,'signal','сигнал',2,1),
	(202,2,'speech','речь',2,1),
	(203,2,'weather report','сводка погоды',2,1),
	(205,2,'channel','канал',2,1),
	(206,2,'HDTV (= high definition television)','ТВЧ (= телевидение высокой четкости)',2,1),
	(207,2,'liquid-crystal display televisions (= LCD TV)','телевизор с жидкокристаллическим экраном',2,1),
	(208,2,'picture','изображение',2,1),
	(209,2,'plasma display panel (= PDP)','плазменная панель, газоразрядный экран',2,1),
	(210,2,'program / programme','программа',2,1),
	(211,2,'screen','экран',2,1),
	(212,2,'telecast','телепередача; передавать, показывать (по телевидению)',2,1),
	(213,2,'television (TV)','телевидение',2,1),
	(214,2,'tube / cathode ray tube (CRT)','кинескоп',2,1),
	(215,2,'TV set','телевизор',2,1),
	(216,2,'TV station','ТВ станция',2,1),
	(217,2,'ballet','балет',2,1),
	(218,2,'boogie-woogie','буги-вуги',2,1),
	(219,2,'dance','танец; танцевать',2,1),
	(220,2,'dancer','танцор',2,1),
	(221,2,'dancing','танцы',2,1),
	(222,2,'foxtrot','фокстрот',2,1),
	(223,2,'polka','полька',2,1),
	(224,2,'quickstep','квикстеп',2,1),
	(225,2,'rumba','румба',2,1),
	(226,2,'salsa','сальса',2,1),
	(227,2,'samba','самба',2,1),
	(228,2,'tango','танго',2,1),
	(229,2,'waltz','вальс',2,1),
	(230,2,'anniversary party','юбилейный вечер',2,1),
	(231,2,'birthday party','день рождения',2,1),
	(232,2,'cocktail party','вечер с коктейлями',2,1),
	(233,2,'dinner-party','званый ужин, званый обед',2,1),
	(234,2,'hen party / hen\'s party / bachelorette party','девичник',2,1),
	(235,2,'house-warming party','новоселье',2,1),
	(236,2,'invite','приглашение; приглашать',2,1),
	(237,2,'party','вечер, вечеринка',2,1),
	(238,2,'stag party / stag night / stag do / bachelor party','холостяцкая вечеринка, мальчишник',2,1),
	(239,2,'tea-party','(званый) чай',2,1),
	(240,2,'wedding party / wedding reception','свадебный вечер',2,1),
	(242,3,'algebra','алгебра',2,1),
	(243,3,'biology','биология',2,1),
	(244,3,'chemistry','химия',2,1),
	(245,3,'computer science','информатика',2,1),
	(246,3,'economics','экономика',2,1),
	(247,3,'English','английский язык',2,1),
	(248,3,'geography','география',2,1),
	(249,3,'geometry','геометрия',2,1),
	(250,3,'history','история',2,1),
	(251,3,'literature','литература',2,1),
	(252,3,'maths  / math [ \'m&#230;&#952; ]','математика',2,1),
	(253,3,'music','музыка',2,1),
	(254,3,'physics','физика',2,1),
	(255,3,'psychology','психология',2,1),
	(256,3,'sociology','социология',2,1),
	(257,3,'addition','сложение',2,1),
	(258,3,'common denominator','общий знаменатель',2,1),
	(259,3,'decimal fraction','десятичная дробь',2,1),
	(260,3,'denominator','знаменатель',2,1),
	(261,3,'difference','разность',2,1),
	(262,3,'division','деление',2,1),
	(263,3,'equation','уравнение',2,1),
	(264,3,'fraction','дробь (математическая)',2,1),
	(265,3,'improper fraction','неправильная дробь',2,1),
	(266,3,'mixed fraction','смешанная дробь',2,1),
	(267,3,'multiplication','умножение',2,1),
	(268,3,'number','число',2,1),
	(269,3,'numerator','числитель',2,1),
	(270,3,'problem','задача ',2,1),
	(271,3,'proper fraction','правильная дробь',2,1),
	(272,3,'quotient','частное ',2,1),
	(273,3,'remainder','остаток (при делении)',2,1),
	(274,3,'series of numbers','ряд чисел',2,1),
	(275,3,'subtraction','вычитание',2,1),
	(276,3,'sum','сумма',2,1),
	(277,3,'table','таблица',2,1),
	(278,3,'angle','угол',2,1),
	(279,3,'approximately equals','приблизительно равняется',2,1),
	(280,3,'braces','фигурные скобки',2,1),
	(281,3,'brackets','скобки',2,1),
	(282,3,'cube root of','корень кубический из',2,1),
	(283,3,'decimal point','точка в десятичных дробях',2,1),
	(284,3,'divided by','деленное на; знак деления',2,1),
	(285,3,'division','деление',2,1),
	(286,3,'equal or greater than','больше чем или равно',2,1),
	(287,3,'equal or less than','меньше чем или равно',2,1),
	(288,3,'equality','равенство',2,1),
	(289,3,'equals','равняется; знак равно',2,1),
	(290,3,'greater than','больше чем',2,1),
	(291,3,'inequality','неравенство',2,1),
	(292,3,'infinity','бесконечность',2,1),
	(293,3,'length of line from A to B','длина линии от A до B',2,1),
	(294,3,'less than','меньше чем',2,1),
	(295,3,'mathematical sign','математический знак',2,1),
	(296,3,'minus','минус',2,1),
	(297,3,'multiplication','умножение',2,1),
	(298,3,'multiplication table','таблица умножения',2,1),
	(299,3,'negative sign','знак отрицания',2,1),
	(300,3,'not equal','не равно',2,1),
	(301,3,'nth root of','корень n-й степени из',2,1),
	(302,3,'parallel','параллельный; параллель',2,1),
	(303,3,'parentheses / round brackets','круглые или овальные скобки',2,1),
	(304,3,'percent / per cent','процент',2,1),
	(305,3,'perpendicular','перпендикулярный; перпендикуляр',2,1),
	(306,3,'plus','плюс',2,1),
	(307,3,'plus or minus','плюс или минус',2,1),
	(308,3,'right angle','прямой угол',2,1),
	(309,3,'square brackets','квадратные скобки',2,1),
	(310,3,'square root of','корень квадратный из',2,1),
	(311,3,'times by','умноженное на; знак умножения',2,1),
	(312,3,'attendance','посещаемость',2,1),
	(313,3,'bell','звонок',2,1),
	(314,3,'break / recess','перемена, перерыв',2,1),
	(315,3,'cafeteria','столовая',2,1),
	(316,3,'class','уроки, занятия',2,1),
	(317,3,'class','курс обучения (курс какой-либо дисциплины)',2,1),
	(318,3,'class','выпуск студентов или учащихся какого-либо года (например, the class of \'2001)',2,1),
	(319,3,'classroom','кабинет (в школе)',2,1),
	(320,3,'course','курс',2,1),
	(321,3,'diploma','аттестат, диплом',2,1),
	(322,3,'exam / examination','экзамен',2,1),
	(323,3,'form / grade','класс (группа учеников)',2,1),
	(324,3,'group','группа',2,1),
	(325,3,'homework','домашние задания, уроки',2,1),
	(326,3,'lesson','урок, занятие',2,1),
	(327,3,'mark / grade','оценка, отметка',2,1),
	(328,3,'principal / headmaster','(<i>по отношению к лицам мужского пола</i>)<b>, headmistress',2,1),
	(329,3,'pupil / student','ученик',2,1),
	(330,3,'register','журнал',2,1),
	(331,3,'school','школа',2,1),
	(332,3,'teacher','учитель',2,1),
	(333,3,'term / semester','четверть, семестр',2,1),
	(334,3,'test','тест, контрольная',2,1),
	(335,3,'transfer','перевод ',2,1),
	(336,3,'admission / enrollment','поступление',2,1),
	(337,3,'audience','аудитория, слушающие',2,1),
	(338,3,'auditorium','аудитория, зал',2,1),
	(339,3,'cafeteria','столовая',2,1),
	(340,3,'class','занятия',2,1),
	(341,3,'course','курс',2,1),
	(342,3,'dean','декан',2,1),
	(343,3,'dean\'s office','деканат',2,1),
	(344,3,'degree','ученая степень',2,1),
	(345,3,'department','отделение',2,1),
	(346,3,'diploma','диплом',2,1),
	(347,3,'exam / examination','экзамен',2,1),
	(348,3,'faculty','факультет',2,1),
	(349,3,'finals','выпускные экзамены, государственные экзамены',2,1),
	(350,3,'freshman','первокурсник',2,1),
	(351,3,'graduation','окончание учебного заведения, выпуск',2,1),
	(352,3,'group / class','группа',2,1),
	(353,3,'higher education / higher learning','высшее образование',2,1),
	(354,3,'institute','институт',2,1),
	(355,3,'lecture','лекция',2,1),
	(356,3,'lecturer','лектор',2,1),
	(357,3,'lodgings / dormitory','общежитие',2,1),
	(358,3,'mark / grade','отметка, оценка',2,1),
	(359,3,'notes','конспект',2,1),
	(360,3,'professor','профессор',2,1),
	(361,3,'sophomore','студент-второкурсник',2,1),
	(362,3,'student','студент',2,1),
	(363,3,'teacher','преподаватель',2,1),
	(364,3,'term / semester','семестр',2,1),
	(365,3,'test','тест, контрольная',2,1),
	(366,3,'university / college','университет',2,1),
	(367,3,'almanac','альманах',2,1),
	(368,3,'annotation','аннотация',2,1),
	(369,3,'atlas','атлас',2,1),
	(370,3,'author','автор',2,1),
	(371,3,'binding','переплет',2,1),
	(372,3,'book','книга',2,1),
	(373,3,'booklet','книжечка, брошюра, буклет',2,1),
	(374,3,'bookmark / bookmarker','закладка',2,1),
	(375,3,'chapter','глава',2,1),
	(376,3,'children\'s book','детская книга',2,1),
	(377,3,'classical literature','классическая литература',2,1),
	(378,3,'contents','содержание, оглавление',2,1),
	(379,3,'cover','обложка',2,1),
	(380,3,'dictionary','словарь',2,1),
	(381,3,'drama','драма',2,1),
	(382,3,'encyclopedia','энциклопедия',2,1),
	(383,3,'epilogue','эпилог',2,1),
	(384,3,'essay','очерк, эссе',2,1),
	(385,3,'fable','басня',2,1),
	(386,3,'fairy tale','сказка',2,1),
	(387,3,'fantasy','фэнтези',2,1),
	(388,3,'fiction','художественная литература',2,1),
	(389,3,'flash fiction / microfiction','малая проза',2,1),
	(390,3,'guide book','путеводитель',2,1),
	(391,3,'handbook','руководство, справочник',2,1),
	(392,3,'horror fiction','литература ужасов, ужасы, мистика',2,1),
	(393,3,'illustrated book','иллюстрированная книга',2,1),
	(394,3,'introduction','введение',2,1),
	(395,3,'memoir  / reminiscence [ &#716;remi\'nisns ]','мемуары',2,1),
	(396,3,'modern literature','современная литература',2,1),
	(397,3,'nonfiction / non-fiction','документальная проза',2,1),
	(398,3,'novel','роман',2,1),
	(399,3,'novella  / short novel','новелла',2,1),
	(400,3,'pamphlet  / booklet','брошюра',2,1),
	(401,3,'paragraph','абзац',2,1),
	(402,3,'passage','отрывок',2,1),
	(403,3,'picture book','(детская) книжка с картинками',2,1),
	(404,3,'pocketbook / pocket edition','книжка небольшого формата, карманное издание',2,1),
	(405,3,'poem','стихотворение',2,1),
	(406,3,'poetry','поэзия',2,1),
	(407,3,'preface','предисловие',2,1),
	(408,3,'prologue','пролог',2,1),
	(409,3,'prose','проза',2,1),
	(410,3,'reference book / book of reference','справочник',2,1),
	(411,3,'rhyme','рифма, рифмованный стих',2,1),
	(412,3,'saga','сага',2,1),
	(413,3,'satire','сатира',2,1),
	(414,3,'science  fiction','научная фантастика',2,1),
	(415,3,'sonnet','сонет',2,1),
	(416,3,'story / short story','рассказ',2,1),
	(417,3,'technical literature','техническая литература',2,1),
	(418,3,'text','текст',2,1),
	(419,3,'textbook','учебник',2,1),
	(420,3,'thesaurus','тезаурус',2,1),
	(421,3,'title','заглавие',2,1),
	(422,3,'translation','перевод',2,1),
	(423,3,'urban  legend / urban myth / urban tale / contemporary legend','городская легенда, байка',2,1),
	(424,3,'volume','том',2,1),
	(425,3,'writer','писатель',2,1),
	(426,3,'blackboard / chalkboard','доска',2,1),
	(427,3,'chalk','мел',2,1),
	(428,3,'crayon','цветной карандаш, цветной мелок',2,1),
	(429,3,'easel','мольберт, подставка',2,1),
	(430,3,'eraser / rubber','ластик, резинка',2,1),
	(431,3,'exercise book / copybook / notebook','тетрадь',2,1),
	(432,3,'glue','клей',2,1),
	(433,3,'ink','чернила',2,1),
	(434,3,'paper','бумага',2,1),
	(435,3,'paper clip','скрепка для бумаг',2,1),
	(436,3,'pen','ручка',2,1),
	(437,3,'pencil','карандаш',2,1),
	(438,3,'pencil sharpener','точилка',2,1),
	(439,3,'rubber band','резинка ',2,1),
	(440,3,'ruler','линейка',2,1),
	(441,3,'scissors','ножницы',2,1),
	(442,3,'stapler','степлер',2,1),
	(443,3,'table','стол',2,1),
	(445,4,'all-you-can-eat buffet','буфет-закусочная, в которой посетитель за фиксированную плату может есть досыта, без ограничений (шведский стол) ',2,1),
	(446,4,'buffet','буфет',2,1),
	(447,4,'cafe','кафе',2,1),
	(448,4,'coffee shop','кафе, в котором подают, как правило, кофе и десерты',2,1),
	(449,4,'deli','(сокращение от delicatessen)',2,1),
	(450,4,'diner','недорогая закусочная, часто располагающаяся у обочины дороги ',2,1),
	(451,4,'drive-through / drive-thru / drive in','автомобильная закусочная, в которой посетители делают и принимают заказ, не выходя из своего автомобиля',2,1),
	(452,4,'hotdog stand','сосисочная',2,1),
	(453,4,'restaurant','ресторан',2,1),
	(454,4,'(a stack of) pancakes','(стопка) блинчиков',2,1),
	(455,4,'bacon','бекон',2,1),
	(456,4,'bagel','бейгл (соленый круглый крендель из дрожжевого теста)',2,1),
	(457,4,'bun / roll','булочка',2,1),
	(458,4,'butter','сливочное масло',2,1),
	(459,4,'cereals','собирательное название для мюсли, кукурузных хлопьев, и т.п.',2,1),
	(460,4,'cheese','сыр',2,1),
	(461,4,'cornflakes','кукурузные хлопья',2,1),
	(462,4,'doughnut  / donut','пончик, жаренный пирожок',2,1),
	(463,4,'eggs','яйца',2,1),
	(464,4,'eggs over easy','яичница-глазунья, зажаренная с двух сторон',2,1),
	(465,4,'fried eggs / eggs sunny side up','яичница-глазунья',2,1),
	(466,4,'graham','булочка из муки грубого помола',2,1),
	(467,4,'granola','мюсли',2,1),
	(468,4,'ham','ветчина',2,1),
	(469,4,'hash browns / hash brown potatoes','картофельные оладьи',2,1),
	(470,4,'jelly','джем',2,1),
	(471,4,'maple syrup','кленовый сироп ',2,1),
	(472,4,'muffin','маффин ',2,1),
	(473,4,'oatmeal','овсяные хлопья',2,1),
	(474,4,'omelet  / omelette','омлет',2,1),
	(475,4,'peanut butter','арахисовое масло',2,1),
	(476,4,'pumpernickel','пумперникель ',2,1),
	(477,4,'sausage','сарделька, сосиска',2,1),
	(478,4,'scrambled eggs','яичница-болтунья',2,1),
	(479,4,'slice of bread','кусок хлеба',2,1),
	(480,4,'slice of toast','кусок хлеба, подсушенный в тостере',2,1),
	(481,4,'(cum / mug of) coffee','(кружка / чашка) кофе',2,1),
	(482,4,'(fruit) juice','(фруктовый) сок',2,1),
	(483,4,'(hot / cold) milk','(горячее / холодное) молоко',2,1),
	(484,4,'carbonated water / sparkling water / club soda','вода с газом',2,1),
	(485,4,'cream','сливки',2,1),
	(486,4,'decaf','без кофеина ',2,1),
	(487,4,'grapefruit juice','грейпфрутовый сок',2,1),
	(488,4,'hot chocolate','горячее какао',2,1),
	(489,4,'iced-tea','чай со льдом',2,1),
	(490,4,'lemonade','лимонад',2,1),
	(491,4,'milk (shake)','молоко (с мороженым)',2,1),
	(492,4,'mineral water','минеральная вода',2,1),
	(493,4,'orange juice','апельсиновый сок',2,1),
	(494,4,'refill','дополнительная порция напитка',2,1),
	(495,4,'root beer','рутбир, корневое пиво, сарсапарилла ',2,1),
	(496,4,'soda','газированная ароматизированная вода',2,1),
	(497,4,'soft drink','безалкогольный напиток',2,1),
	(498,4,'sugar','сахар',2,1),
	(499,4,'tea','чай',2,1),
	(500,4,'water','вода',2,1),
	(501,4,'yogurt  / yoghurt','йогурт',2,1),
	(502,4,'(red / white) wine','(белое / красное) вино',2,1),
	(503,4,'(wine) cooler','игристое вино с соком',2,1),
	(504,4,'beer','пиво',2,1),
	(505,4,'bourbon whiskey','виски бурбон',2,1),
	(506,4,'champagne  / bubbly','(<i>разговорная форма</i>) шампанское',2,1),
	(507,4,'cocktail','коктейль',2,1),
	(508,4,'eggnog','яичный ликер',2,1),
	(509,4,'mulled wine','глинтвейн',2,1),
	(510,4,'scotch whiskey','шотландское виски',2,1),
	(511,4,'beef','говядина',2,1),
	(512,4,'chicken','курица',2,1),
	(513,4,'pork','свинина',2,1),
	(514,4,'rib eye (steak)','стейк без костей ',2,1),
	(515,4,'sirloin (steak)','стейк без костей ',2,1),
	(516,4,'spare ribs','ребрышки',2,1),
	(517,4,'strip (steak)','отбивная',2,1),
	(518,4,'T-bone (steak)','стейк из средней части ',2,1),
	(519,4,'tenderloin (steak)','филе ',2,1),
	(520,4,'turkey','индейка',2,1),
	(521,4,'veal','телятина',2,1),
	(522,4,'buffalo wings / hot wings / chicken wings','куриные крылышки жареные во фритюре',2,1),
	(523,4,'burger','бургер',2,1),
	(524,4,'cheeseburger','чизбургер',2,1),
	(525,4,'fish and chips','рыба жареная во фритюре и картофель фри ',2,1),
	(526,4,'French fries / chips','картофель фри',2,1),
	(527,4,'hamburger','гамбургер',2,1),
	(528,4,'hot-dog','хот-дог',2,1),
	(529,4,'nachos','начос ',2,1),
	(530,4,'nachos with cheese','начос с сыром',2,1),
	(531,4,'onion rings','жаренные во фритюре луковые кольца',2,1),
	(532,4,'pizza','пицца',2,1),
	(533,4,'popcorn','поп-корн',2,1),
	(534,4,'potato crisps / potato chips','картофельные чипсы',2,1),
	(535,4,'sandwich','сэндвич',2,1),
	(536,4,'slice of pizza','слайс пиццы',2,1),
	(537,4,'Caesar\'s salad','салат \"Цезарь\" ',2,1),
	(538,4,'chef salad','смешанный салат',2,1),
	(539,4,'coleslaw','белокочанная капуста с майонезом',2,1),
	(540,4,'tossed salad','зеленый салат',2,1),
	(541,4,'tuna salad','салат из тунца',2,1),
	(542,4,'waldorf salad','уолдорфский салат ',2,1),
	(543,4,'asparagus','спаржа',2,1),
	(544,4,'avocado','авокадо',2,1),
	(545,4,'bean sprout','стручковая фасоль',2,1),
	(546,4,'beans','бобы',2,1),
	(547,4,'beet','свекла',2,1),
	(548,4,'broccoli','брокколи',2,1),
	(549,4,'Brussels sprout','брюссельская капуста',2,1),
	(550,4,'cabbage','капуста',2,1),
	(551,4,'carrot','морковь',2,1),
	(552,4,'cauliflower','цветная капуста',2,1),
	(553,4,'chard','артишок',2,1),
	(554,4,'chick peas','нут, турецкий горох',2,1),
	(555,4,'cucumber','огурец',2,1),
	(556,4,'eggplant','баклажан',2,1),
	(557,4,'endive','салат эндивий',2,1),
	(558,4,'garlic','чеснок',2,1),
	(559,4,'kohlrabi','кольраби',2,1),
	(560,4,'leek','лук-порей',2,1),
	(561,4,'lentils','чечевица',2,1),
	(562,4,'okra','гибискус съедобный',2,1),
	(563,4,'onion','лук репчатый',2,1),
	(564,4,'peas','горох',2,1),
	(565,4,'pepper','стручковый перец',2,1),
	(566,4,'potato','картофель',2,1),
	(567,4,'rice','рис',2,1),
	(568,4,'scallion','лук-перо, лук-шалот',2,1),
	(569,4,'spinach','шпинат',2,1),
	(570,4,'squash','тыква',2,1),
	(571,4,'sweet potato','батат, сладкий картофель',2,1),
	(572,4,'turnip','репа, турнепс',2,1),
	(573,4,'zucchini','цуккини',2,1),
	(574,4,'almond','миндаль',2,1),
	(575,4,'apple','яблоко',2,1),
	(576,4,'apricot','абрикос',2,1),
	(577,4,'banana','банан',2,1),
	(578,4,'berry','ягода',2,1),
	(579,4,'blackberry','ежевика',2,1),
	(580,4,'blueberry','черника',2,1),
	(581,4,'Brazil nut','бразильский орех',2,1),
	(582,4,'cashew','кешью',2,1),
	(583,4,'cherry','вишня',2,1),
	(584,4,'cranberry','клюква',2,1),
	(585,4,'grape','виноград',2,1),
	(586,4,'grapefruit','грейпфрут',2,1),
	(587,4,'hazelnut','лесной орех',2,1),
	(588,4,'hickory','гикори ',2,1),
	(589,4,'lemon','лимон',2,1),
	(590,4,'lime','лайм',2,1),
	(591,4,'macadamia','орех макадами',2,1),
	(592,4,'melon','дыня',2,1),
	(593,4,'orange','апельсин',2,1),
	(594,4,'peach','персик',2,1),
	(595,4,'peanut','арахис',2,1),
	(596,4,'pear','груша',2,1),
	(597,4,'pecan','орех пекан',2,1),
	(598,4,'pineapple','ананас',2,1),
	(599,4,'pistachio','фисташки',2,1),
	(600,4,'plum','слива',2,1),
	(601,4,'raspberry','малина',2,1),
	(602,4,'strawberry','клубника',2,1),
	(603,4,'tangerine  / mandarin [ \'m&#230;nd&#601;rin ]','мандарин',2,1),
	(604,4,'walnut','грецкий орех',2,1),
	(605,4,'(chocolate chip) cookies','печенье с шоколадной крошкой',2,1),
	(606,4,'apple pie','яблочный пирог',2,1),
	(607,4,'blueberry pie','пирог с черникой',2,1),
	(608,4,'brownie','шоколадное пирожное с орехами',2,1),
	(609,4,'cake (with frosting)','пирожное с сахарной глазурью',2,1),
	(610,4,'candy bar','сладкая плитка',2,1),
	(611,4,'chocolate','шоколад',2,1),
	(612,4,'chocolate bar','плитка шоколада',2,1),
	(613,4,'cobbler','фруктовое пирожное',2,1),
	(614,4,'fruit','фрукты',2,1),
	(615,4,'ice cream','мороженое',2,1),
	(616,4,'jello','желе',2,1),
	(617,4,'key lime pie','пирог с лаймом',2,1),
	(618,4,'licorice','лакрица',2,1),
	(619,4,'pecan pie','пирожное с орехами',2,1),
	(620,4,'sprinkles','крошка, присыпка',2,1),
	(621,4,'sundae','мороженое со сладким сиропом, сливками и присыпкой',2,1),
	(622,4,'baked / fried','жареный',2,1),
	(623,4,'boiled','отварной',2,1),
	(624,4,'braised / stewed','тушенный',2,1),
	(625,4,'broiled / roast','приготовленный на гриле',2,1),
	(626,4,'mashed','пюре',2,1),
	(627,4,'pickled','маринованный',2,1),
	(628,4,'poached','слегка отваренный',2,1),
	(629,4,'smoked','копченый',2,1),
	(630,4,'steamed','приготовленный на пару',2,1),
	(631,4,'stuffed / glazed','фаршированный / глазурованный',2,1),
	(632,4,'caffeine free','не содержит кофеина ',2,1),
	(633,4,'decaf','без кофеина ',2,1),
	(634,4,'diet','не содержит сахара ',2,1),
	(635,4,'fat free','обезжиренный ',2,1),
	(636,4,'lean','низкокалорийный ',2,1),
	(637,4,'light','с низким содержанием алкоголя',2,1),
	(638,4,'low cholesterol','с низким содержанием холестерина',2,1),
	(639,4,'low fat','нежирный ',2,1),
	(640,4,'no preservatives','без консервантов',2,1),
	(641,4,'butter dish','масленка',2,1),
	(642,4,'china','фарфоровая посуда',2,1),
	(643,4,'coffee pot','кофейник',2,1),
	(644,4,'crockery','фаянсовая посуда',2,1),
	(645,4,'cup','чашка',2,1),
	(646,4,'cutlery','столовые приборы',2,1),
	(647,4,'dinner plate','неглубокая тарелка',2,1),
	(648,4,'dish','блюдо, тарелка',2,1),
	(649,4,'earthenware','глиняная посуда',2,1),
	(650,4,'fork','вилка',2,1),
	(651,4,'glass','стакан',2,1),
	(652,4,'goblet','бокал',2,1),
	(653,4,'knife','нож',2,1),
	(654,4,'pepper shaker / pepper box','перечница',2,1),
	(655,4,'pitcher / jug','кувшин',2,1),
	(656,4,'plate','тарелка',2,1),
	(657,4,'saucer','блюдце',2,1),
	(658,4,'soup plate','глубокая тарелка',2,1),
	(659,4,'spoon','ложка',2,1),
	(660,4,'sugar basin','сахарница',2,1),
	(661,4,'tea caddy','чайница',2,1),
	(662,4,'tea kettle / kettle','чайник',2,1),
	(663,4,'tea spoon','чайная ложка',2,1),
	(664,4,'teapot','заварочный чайник',2,1),
	(665,4,'tray','поднос',2,1);

/*!40000 ALTER TABLE `package_word` ENABLE KEYS */;
UNLOCK TABLES;


# Dump of table speaker
# ------------------------------------------------------------

DROP TABLE IF EXISTS `speaker`;

CREATE TABLE `speaker` (
  `id` int(11) unsigned NOT NULL AUTO_INCREMENT,
  `status` smallint(1) unsigned NOT NULL,
  `hash` varchar(32) NOT NULL DEFAULT '',
  `word` varchar(1000) NOT NULL DEFAULT '',
  `fk_language` int(3) unsigned NOT NULL,
  PRIMARY KEY (`id`),
  KEY `speaker_fk_language` (`fk_language`),
  CONSTRAINT `speaker_fk_language` FOREIGN KEY (`fk_language`) REFERENCES `language` (`id`)
) ENGINE=InnoDB DEFAULT CHARSET=utf8;



# Dump of table strategy
# ------------------------------------------------------------

DROP TABLE IF EXISTS `strategy`;

CREATE TABLE `strategy` (
  `id` int(11) unsigned NOT NULL AUTO_INCREMENT,
  `fk_user` int(10) unsigned NOT NULL,
  `created_at` timestamp NULL DEFAULT NULL,
  `updated_at` timestamp NULL DEFAULT NULL,
  `title` varchar(250) NOT NULL DEFAULT '',
  PRIMARY KEY (`id`),
  KEY `user_1` (`fk_user`),
  CONSTRAINT `user_1` FOREIGN KEY (`fk_user`) REFERENCES `user` (`id`) ON DELETE CASCADE ON UPDATE CASCADE
) ENGINE=InnoDB DEFAULT CHARSET=utf8;



# Dump of table strategy_item
# ------------------------------------------------------------

DROP TABLE IF EXISTS `strategy_item`;

CREATE TABLE `strategy_item` (
  `id` int(11) unsigned NOT NULL AUTO_INCREMENT,
  `fk_user` int(10) unsigned NOT NULL,
  `fk_strategy` int(10) unsigned NOT NULL,
  `type` smallint(1) unsigned NOT NULL,
  `settings` varchar(1000) NOT NULL DEFAULT '',
  `sort` smallint(5) unsigned NOT NULL,
  PRIMARY KEY (`id`),
  KEY `strayegy_1` (`fk_strategy`),
  KEY `user_2` (`fk_user`),
  CONSTRAINT `strayegy_1` FOREIGN KEY (`fk_strategy`) REFERENCES `strategy` (`id`) ON DELETE CASCADE ON UPDATE CASCADE,
  CONSTRAINT `user_2` FOREIGN KEY (`fk_user`) REFERENCES `user` (`id`) ON DELETE CASCADE ON UPDATE CASCADE
) ENGINE=InnoDB DEFAULT CHARSET=utf8;



# Dump of table user
# ------------------------------------------------------------

DROP TABLE IF EXISTS `user`;

CREATE TABLE `user` (
  `id` int(10) unsigned NOT NULL AUTO_INCREMENT,
  `email` varchar(52) NOT NULL DEFAULT '',
  `password` varchar(32) NOT NULL DEFAULT '',
  `settings` varchar(1000) NOT NULL DEFAULT '',
  `created_at` datetime DEFAULT NULL,
  `name` varchar(100) NOT NULL DEFAULT '',
  PRIMARY KEY (`id`)
) ENGINE=InnoDB DEFAULT CHARSET=utf8;



# Dump of table word
# ------------------------------------------------------------

DROP TABLE IF EXISTS `word`;

CREATE TABLE `word` (
  `id` int(11) unsigned NOT NULL AUTO_INCREMENT,
  `created_at` datetime DEFAULT NULL,
  `updated_at` datetime DEFAULT NULL,
  `source` varchar(1000) DEFAULT NULL,
  `target` varchar(1000) DEFAULT NULL,
  `fk_language_source` int(3) unsigned NOT NULL,
  `fk_language_target` int(3) unsigned NOT NULL,
  `fk_user` int(10) unsigned NOT NULL,
  `fk_words_group` int(10) unsigned NOT NULL,
  `fk_speaker_source` int(11) unsigned DEFAULT NULL,
  `fk_speaker_target` int(11) unsigned DEFAULT NULL,
  PRIMARY KEY (`id`),
  KEY `user` (`fk_user`),
  KEY `group` (`fk_words_group`),
  KEY `FK_language_souce` (`fk_language_source`),
  KEY `FK_language_target` (`fk_language_target`),
  KEY `word_fk_speaker_source` (`fk_speaker_source`),
  KEY `word_fk_speaker_target` (`fk_speaker_target`),
  CONSTRAINT `FK_language_souce` FOREIGN KEY (`fk_language_source`) REFERENCES `language` (`id`),
  CONSTRAINT `FK_language_target` FOREIGN KEY (`fk_language_target`) REFERENCES `language` (`id`),
  CONSTRAINT `group` FOREIGN KEY (`fk_words_group`) REFERENCES `words_group` (`id`) ON DELETE CASCADE ON UPDATE CASCADE,
  CONSTRAINT `user` FOREIGN KEY (`fk_user`) REFERENCES `user` (`id`) ON DELETE CASCADE ON UPDATE CASCADE,
  CONSTRAINT `word_fk_speaker_source` FOREIGN KEY (`fk_speaker_source`) REFERENCES `speaker` (`id`) ON DELETE SET NULL ON UPDATE SET NULL,
  CONSTRAINT `word_fk_speaker_target` FOREIGN KEY (`fk_speaker_target`) REFERENCES `speaker` (`id`) ON DELETE SET NULL ON UPDATE SET NULL
) ENGINE=InnoDB DEFAULT CHARSET=utf8;



# Dump of table words_group
# ------------------------------------------------------------

DROP TABLE IF EXISTS `words_group`;

CREATE TABLE `words_group` (
  `id` int(11) unsigned NOT NULL AUTO_INCREMENT,
  `title` varchar(250) NOT NULL DEFAULT '',
  `fk_user` int(10) unsigned NOT NULL,
  `created_at` datetime DEFAULT NULL,
  `updated_at` datetime DEFAULT NULL,
  PRIMARY KEY (`id`),
  KEY `fk_user` (`fk_user`),
  CONSTRAINT `fk_user` FOREIGN KEY (`fk_user`) REFERENCES `user` (`id`) ON DELETE CASCADE ON UPDATE CASCADE
) ENGINE=InnoDB DEFAULT CHARSET=utf8;

# Dump of table migrations
# ------------------------------------------------------------

DROP TABLE IF EXISTS `migrations`;

CREATE TABLE `migrations` (
  `version` varchar(255) NOT NULL DEFAULT '',
  PRIMARY KEY (`version`)
) ENGINE=InnoDB DEFAULT CHARSET=utf8;

/*!40111 SET SQL_NOTES=@OLD_SQL_NOTES */;
/*!40101 SET SQL_MODE=@OLD_SQL_MODE */;
/*!40014 SET FOREIGN_KEY_CHECKS=@OLD_FOREIGN_KEY_CHECKS */;
/*!40101 SET CHARACTER_SET_CLIENT=@OLD_CHARACTER_SET_CLIENT */;
/*!40101 SET CHARACTER_SET_RESULTS=@OLD_CHARACTER_SET_RESULTS */;
/*!40101 SET COLLATION_CONNECTION=@OLD_COLLATION_CONNECTION */;
